{
  "generated_at": "2026-05-27T02:43:42.585243+00:00",
  "seasons_used": [
    2021,
    2022,
    2023,
    2024,
    2025,
    2026
  ],
  "total_graded": 12963,
  "source_breakdown": {
    "historical_backtest": 12158,
    "live_history": 805
  },
  "platt_params": {
    "a": 1.005283,
    "b": 0.023125
  },
  "logistic_params": {
    "midpoint": 7.5,
    "slope": 0.45
  },
  "brier_score": {
    "raw_model": 0.247858,
    "calibrated": 0.247824
  },
  "overall_win_rate": 0.536,
  "win_rates_by_confidence": {
    "50-55%": {
      "n": 9237,
      "win_rate": 0.5156
    },
    "55-60%": {
      "n": 3413,
      "win_rate": 0.5649
    },
    "60-65%": {
      "n": 308,
      "win_rate": 0.6006
    },
    "65%+": {
      "n": 5,
      "win_rate": 0.6
    }
  },
  "calibration_curve": [
    {
      "bin": "0.30-0.40",
      "n": 11,
      "model_prob_mean": 0.3845,
      "actual_win_rate": 0.5455
    },
    {
      "bin": "0.40-0.50",
      "n": 2298,
      "model_prob_mean": 0.4794,
      "actual_win_rate": 0.4817
    },
    {
      "bin": "0.50-0.60",
      "n": 10352,
      "model_prob_mean": 0.5398,
      "actual_win_rate": 0.5394
    },
    {
      "bin": "0.60-0.70",
      "n": 302,
      "model_prob_mean": 0.6138,
      "actual_win_rate": 0.6026
    }
  ]
}